t,count,max,mean,min,stddev,p50,p75,p95,p98,p99,p999,mean_rate,m1_rate,m5_rate,m15_rate,rate_unit,duration_unit
1523480235,7,0.001000,0.000715,0.000000,0.000451,0.001000,0.001000,0.001000,0.001000,0.001000,0.001000,0.008258,0.000001,0.085134,0.550537,calls/second,seconds
1523516256,7,0.005000,0.001428,0.000000,0.001594,0.001000,0.002000,0.005000,0.005000,0.005000,0.005000,0.008862,0.000003,0.103983,0.588491,calls/second,seconds
