t,count,max,mean,min,stddev,p50,p75,p95,p98,p99,p999,mean_rate,m1_rate,m5_rate,m15_rate,rate_unit,duration_unit
1523480235,4,0.002000,0.000745,0.000000,0.000827,0.000000,0.001000,0.002000,0.002000,0.002000,0.002000,0.004719,0.000001,0.048648,0.314593,calls/second,seconds
1523516256,4,0.008000,0.002479,0.000000,0.003268,0.000000,0.002000,0.008000,0.008000,0.008000,0.008000,0.005064,0.000002,0.059419,0.336280,calls/second,seconds
