t,count,max,mean,min,stddev,p50,p75,p95,p98,p99,p999,mean_rate,m1_rate,m5_rate,m15_rate,rate_unit,duration_unit
1523491935,12,0.008000,0.001167,0.000000,0.002115,0.001000,0.001000,0.008000,0.008000,0.008000,0.008000,0.016544,0.000015,0.217723,1.078390,calls/second,seconds
