t,count,max,mean,min,stddev,p50,p75,p95,p98,p99,p999,mean_rate,m1_rate,m5_rate,m15_rate,rate_unit,duration_unit
1523480235,1,1.676000,1.676000,1.676000,0.000000,1.676000,1.676000,1.676000,1.676000,1.676000,1.676000,0.001183,0.000000,0.012162,0.078648,calls/second,seconds
1523516256,1,2.159000,2.159000,2.159000,0.000000,2.159000,2.159000,2.159000,2.159000,2.159000,2.159000,0.001271,0.000000,0.014855,0.084070,calls/second,seconds
