t,count,max,mean,min,stddev,p50,p75,p95,p98,p99,p999,mean_rate,m1_rate,m5_rate,m15_rate,rate_unit,duration_unit
1523480235,52,0.097000,0.002839,0.000000,0.014618,0.000000,0.000000,0.003000,0.097000,0.097000,0.097000,0.058577,0.000001,0.062122,0.396221,calls/second,seconds
1523516256,20,0.005000,0.000400,0.000000,0.001114,0.000000,0.000000,0.001000,0.005000,0.005000,0.005000,0.022676,0.000002,0.216455,1.512966,calls/second,seconds
