t,count,max,mean,min,stddev,p50,p75,p95,p98,p99,p999,mean_rate,m1_rate,m5_rate,m15_rate,rate_unit,duration_unit
1523480235,48,0.003000,0.000085,0.000000,0.000411,0.000000,0.000000,0.001000,0.001000,0.003000,0.003000,0.054074,0.000001,0.061344,0.394497,calls/second,seconds
1523516256,18,0.005000,0.000389,0.000000,0.001161,0.000000,0.000000,0.005000,0.005000,0.005000,0.005000,0.020409,0.000002,0.194810,1.361670,calls/second,seconds
