t,count,max,mean,min,stddev,p50,p75,p95,p98,p99,p999,mean_rate,m1_rate,m5_rate,m15_rate,rate_unit,duration_unit
1523480235,1,0.001000,0.001000,0.001000,0.000000,0.001000,0.001000,0.001000,0.001000,0.001000,0.001000,0.001166,0.000000,0.011763,0.077779,calls/second,seconds
1523516256,2,0.001000,0.000500,0.000000,0.000500,0.001000,0.001000,0.001000,0.001000,0.001000,0.001000,0.002268,0.000000,0.021646,0.151297,calls/second,seconds
