t,count,max,mean,min,stddev,p50,p75,p95,p98,p99,p999,mean_rate,m1_rate,m5_rate,m15_rate,rate_unit,duration_unit
1523480235,1,93.747000,93.747000,93.747000,0.000000,93.747000,93.747000,93.747000,93.747000,93.747000,93.747000,0.001126,0.000000,0.010644,0.075229,calls/second,seconds
1523516256,1,52.970000,52.970000,52.970000,0.000000,52.970000,52.970000,52.970000,52.970000,52.970000,52.970000,0.001134,0.000000,0.010823,0.075648,calls/second,seconds
